FGA,(15.2;15.2)
FGA,(15.2;16.0)
FGA,(15.2;16.2)
FGA,(15.2;17.0)
FGA,(15.2;17.2)
FGA,(15.2;18.0)
FGA,(15.2;18.2)
FGA,(15.2;19.0)
FGA,(15.2;19.2)
FGA,(15.2;20.0)
FGA,(15.2;20.2)
FGA,(15.2;21.0)
FGA,(15.2;21.2)
FGA,(15.2;22.0)
FGA,(15.2;22.2)
FGA,(15.2;23.0)
FGA,(15.2;23.2)
FGA,(15.2;24.0)
FGA,(15.2;24.2)
FGA,(15.2;25.0)
FGA,(15.2;25.2)
FGA,(15.2;26.0)
FGA,(15.2;26.2)
FGA,(15.2;27.0)
FGA,(15.2;27.2)
FGA,(15.2;28.0)
FGA,(15.2;28.2)
FGA,(15.2;29.0)
FGA,(15.2;29.2)
FGA,(15.2;30.0)
FGA,(15.2;30.2)
FGA,(15.2;31.0)
FGA,(15.2;31.2)
FGA,(15.2;32.2)
FGA,(15.2;33.2)
FGA,(15.2;34.2)
FGA,(15.2;42.2)
FGA,(15.2;43.2)
FGA,(15.2;44.2)
FGA,(15.2;45.2)
FGA,(15.2;46.2)
FGA,(15.2;47.2)
FGA,(15.2;48.2)
FGA,(15.2;50.2)
FGA,(15.2;51.2)
FGA,(16.0;16.0)
FGA,(16.0;16.2)
FGA,(16.0;17.0)
FGA,(16.0;17.2)
FGA,(16.0;18.0)
FGA,(16.0;18.2)
FGA,(16.0;19.0)
FGA,(16.0;19.2)
FGA,(16.0;20.0)
FGA,(16.0;20.2)
FGA,(16.0;21.0)
FGA,(16.0;21.2)
FGA,(16.0;22.0)
FGA,(16.0;22.2)
FGA,(16.0;23.0)
FGA,(16.0;23.2)
FGA,(16.0;24.0)
FGA,(16.0;24.2)
FGA,(16.0;25.0)
FGA,(16.0;25.2)
FGA,(16.0;26.0)
FGA,(16.0;26.2)
FGA,(16.0;27.0)
FGA,(16.0;27.2)
FGA,(16.0;28.0)
FGA,(16.0;28.2)
FGA,(16.0;29.0)
FGA,(16.0;29.2)
FGA,(16.0;30.0)
FGA,(16.0;30.2)
FGA,(16.0;31.0)
FGA,(16.0;31.2)
FGA,(16.0;32.2)
FGA,(16.0;33.2)
FGA,(16.0;34.2)
FGA,(16.0;42.2)
FGA,(16.0;43.2)
FGA,(16.0;44.2)
FGA,(16.0;45.2)
FGA,(16.0;46.2)
FGA,(16.0;47.2)
FGA,(16.0;48.2)
FGA,(16.0;50.2)
FGA,(16.0;51.2)
FGA,(16.2;16.2)
FGA,(16.2;17.0)
FGA,(16.2;17.2)
FGA,(16.2;18.0)
FGA,(16.2;18.2)
FGA,(16.2;19.0)
FGA,(16.2;19.2)
FGA,(16.2;20.0)
FGA,(16.2;20.2)
FGA,(16.2;21.0)
FGA,(16.2;21.2)
FGA,(16.2;22.0)
FGA,(16.2;22.2)
FGA,(16.2;23.0)
FGA,(16.2;23.2)
FGA,(16.2;24.0)
FGA,(16.2;24.2)
FGA,(16.2;25.0)
FGA,(16.2;25.2)
FGA,(16.2;26.0)
FGA,(16.2;26.2)
FGA,(16.2;27.0)
FGA,(16.2;27.2)
FGA,(16.2;28.0)
FGA,(16.2;28.2)
FGA,(16.2;29.0)
FGA,(16.2;29.2)
FGA,(16.2;30.0)
FGA,(16.2;30.2)
FGA,(16.2;31.0)
FGA,(16.2;31.2)
FGA,(16.2;32.2)
FGA,(16.2;33.2)
FGA,(16.2;34.2)
FGA,(16.2;42.2)
FGA,(16.2;43.2)
FGA,(16.2;44.2)
FGA,(16.2;45.2)
FGA,(16.2;46.2)
FGA,(16.2;47.2)
FGA,(16.2;48.2)
FGA,(16.2;50.2)
FGA,(16.2;51.2)
FGA,(17.0;17.0)
FGA,(17.0;17.2)
FGA,(17.0;18.0)
FGA,(17.0;18.2)
FGA,(17.0;19.0)
FGA,(17.0;19.2)
FGA,(17.0;20.0)
FGA,(17.0;20.2)
FGA,(17.0;21.0)
FGA,(17.0;21.2)
FGA,(17.0;22.0)
FGA,(17.0;22.2)
FGA,(17.0;23.0)
FGA,(17.0;23.2)
FGA,(17.0;24.0)
FGA,(17.0;24.2)
FGA,(17.0;25.0)
FGA,(17.0;25.2)
FGA,(17.0;26.0)
FGA,(17.0;26.2)
FGA,(17.0;27.0)
FGA,(17.0;27.2)
FGA,(17.0;28.0)
FGA,(17.0;28.2)
FGA,(17.0;29.0)
FGA,(17.0;29.2)
FGA,(17.0;30.0)
FGA,(17.0;30.2)
FGA,(17.0;31.0)
FGA,(17.0;31.2)
FGA,(17.0;32.2)
FGA,(17.0;33.2)
FGA,(17.0;34.2)
FGA,(17.0;42.2)
FGA,(17.0;43.2)
FGA,(17.0;44.2)
FGA,(17.0;45.2)
FGA,(17.0;46.2)
FGA,(17.0;47.2)
FGA,(17.0;48.2)
FGA,(17.0;50.2)
FGA,(17.0;51.2)
FGA,(17.2;17.2)
FGA,(17.2;18.0)
FGA,(17.2;18.2)
FGA,(17.2;19.0)
FGA,(17.2;19.2)
FGA,(17.2;20.0)
FGA,(17.2;20.2)
FGA,(17.2;21.0)
FGA,(17.2;21.2)
FGA,(17.2;22.0)
FGA,(17.2;22.2)
FGA,(17.2;23.0)
FGA,(17.2;23.2)
FGA,(17.2;24.0)
FGA,(17.2;24.2)
FGA,(17.2;25.0)
FGA,(17.2;25.2)
FGA,(17.2;26.0)
FGA,(17.2;26.2)
FGA,(17.2;27.0)
FGA,(17.2;27.2)
FGA,(17.2;28.0)
FGA,(17.2;28.2)
FGA,(17.2;29.0)
FGA,(17.2;29.2)
FGA,(17.2;30.0)
FGA,(17.2;30.2)
FGA,(17.2;31.0)
FGA,(17.2;31.2)
FGA,(17.2;32.2)
FGA,(17.2;33.2)
FGA,(17.2;34.2)
FGA,(17.2;42.2)
FGA,(17.2;43.2)
FGA,(17.2;44.2)
FGA,(17.2;45.2)
FGA,(17.2;46.2)
FGA,(17.2;47.2)
FGA,(17.2;48.2)
FGA,(17.2;50.2)
FGA,(17.2;51.2)
FGA,(18.0;18.0)
FGA,(18.0;18.2)
FGA,(18.0;19.0)
FGA,(18.0;19.2)
FGA,(18.0;20.0)
FGA,(18.0;20.2)
FGA,(18.0;21.0)
FGA,(18.0;21.2)
FGA,(18.0;22.0)
FGA,(18.0;22.2)
FGA,(18.0;23.0)
FGA,(18.0;23.2)
FGA,(18.0;24.0)
FGA,(18.0;24.2)
FGA,(18.0;25.0)
FGA,(18.0;25.2)
FGA,(18.0;26.0)
FGA,(18.0;26.2)
FGA,(18.0;27.0)
FGA,(18.0;27.2)
FGA,(18.0;28.0)
FGA,(18.0;28.2)
FGA,(18.0;29.0)
FGA,(18.0;29.2)
FGA,(18.0;30.0)
FGA,(18.0;30.2)
FGA,(18.0;31.0)
FGA,(18.0;31.2)
FGA,(18.0;32.2)
FGA,(18.0;33.2)
FGA,(18.0;34.2)
FGA,(18.0;42.2)
FGA,(18.0;43.2)
FGA,(18.0;44.2)
FGA,(18.0;45.2)
FGA,(18.0;46.2)
FGA,(18.0;47.2)
FGA,(18.0;48.2)
FGA,(18.0;50.2)
FGA,(18.0;51.2)
FGA,(18.2;18.2)
FGA,(18.2;19.0)
FGA,(18.2;19.2)
FGA,(18.2;20.0)
FGA,(18.2;20.2)
FGA,(18.2;21.0)
FGA,(18.2;21.2)
FGA,(18.2;22.0)
FGA,(18.2;22.2)
FGA,(18.2;23.0)
FGA,(18.2;23.2)
FGA,(18.2;24.0)
FGA,(18.2;24.2)
FGA,(18.2;25.0)
FGA,(18.2;25.2)
FGA,(18.2;26.0)
FGA,(18.2;26.2)
FGA,(18.2;27.0)
FGA,(18.2;27.2)
FGA,(18.2;28.0)
FGA,(18.2;28.2)
FGA,(18.2;29.0)
FGA,(18.2;29.2)
FGA,(18.2;30.0)
FGA,(18.2;30.2)
FGA,(18.2;31.0)
FGA,(18.2;31.2)
FGA,(18.2;32.2)
FGA,(18.2;33.2)
FGA,(18.2;34.2)
FGA,(18.2;42.2)
FGA,(18.2;43.2)
FGA,(18.2;44.2)
FGA,(18.2;45.2)
FGA,(18.2;46.2)
FGA,(18.2;47.2)
FGA,(18.2;48.2)
FGA,(18.2;50.2)
FGA,(18.2;51.2)
FGA,(19.0;19.0)
FGA,(19.0;19.2)
FGA,(19.0;20.0)
FGA,(19.0;20.2)
FGA,(19.0;21.0)
FGA,(19.0;21.2)
FGA,(19.0;22.0)
FGA,(19.0;22.2)
FGA,(19.0;23.0)
FGA,(19.0;23.2)
FGA,(19.0;24.0)
FGA,(19.0;24.2)
FGA,(19.0;25.0)
FGA,(19.0;25.2)
FGA,(19.0;26.0)
FGA,(19.0;26.2)
FGA,(19.0;27.0)
FGA,(19.0;27.2)
FGA,(19.0;28.0)
FGA,(19.0;28.2)
FGA,(19.0;29.0)
FGA,(19.0;29.2)
FGA,(19.0;30.0)
FGA,(19.0;30.2)
FGA,(19.0;31.0)
FGA,(19.0;31.2)
FGA,(19.0;32.2)
FGA,(19.0;33.2)
FGA,(19.0;34.2)
FGA,(19.0;42.2)
FGA,(19.0;43.2)
FGA,(19.0;44.2)
FGA,(19.0;45.2)
FGA,(19.0;46.2)
FGA,(19.0;47.2)
FGA,(19.0;48.2)
FGA,(19.0;50.2)
FGA,(19.0;51.2)
FGA,(19.2;19.2)
FGA,(19.2;20.0)
FGA,(19.2;20.2)
FGA,(19.2;21.0)
FGA,(19.2;21.2)
FGA,(19.2;22.0)
FGA,(19.2;22.2)
FGA,(19.2;23.0)
FGA,(19.2;23.2)
FGA,(19.2;24.0)
FGA,(19.2;24.2)
FGA,(19.2;25.0)
FGA,(19.2;25.2)
FGA,(19.2;26.0)
FGA,(19.2;26.2)
FGA,(19.2;27.0)
FGA,(19.2;27.2)
FGA,(19.2;28.0)
FGA,(19.2;28.2)
FGA,(19.2;29.0)
FGA,(19.2;29.2)
FGA,(19.2;30.0)
FGA,(19.2;30.2)
FGA,(19.2;31.0)
FGA,(19.2;31.2)
FGA,(19.2;32.2)
FGA,(19.2;33.2)
FGA,(19.2;34.2)
FGA,(19.2;42.2)
FGA,(19.2;43.2)
FGA,(19.2;44.2)
FGA,(19.2;45.2)
FGA,(19.2;46.2)
FGA,(19.2;47.2)
FGA,(19.2;48.2)
FGA,(19.2;50.2)
FGA,(19.2;51.2)
FGA,(20.0;20.0)
FGA,(20.0;20.2)
FGA,(20.0;21.0)
FGA,(20.0;21.2)
FGA,(20.0;22.0)
FGA,(20.0;22.2)
FGA,(20.0;23.0)
FGA,(20.0;23.2)
FGA,(20.0;24.0)
FGA,(20.0;24.2)
FGA,(20.0;25.0)
FGA,(20.0;25.2)
FGA,(20.0;26.0)
FGA,(20.0;26.2)
FGA,(20.0;27.0)
FGA,(20.0;27.2)
FGA,(20.0;28.0)
FGA,(20.0;28.2)
FGA,(20.0;29.0)
FGA,(20.0;29.2)
FGA,(20.0;30.0)
FGA,(20.0;30.2)
FGA,(20.0;31.0)
FGA,(20.0;31.2)
FGA,(20.0;32.2)
FGA,(20.0;33.2)
FGA,(20.0;34.2)
FGA,(20.0;42.2)
FGA,(20.0;43.2)
FGA,(20.0;44.2)
FGA,(20.0;45.2)
FGA,(20.0;46.2)
FGA,(20.0;47.2)
FGA,(20.0;48.2)
FGA,(20.0;50.2)
FGA,(20.0;51.2)
FGA,(20.2;20.2)
FGA,(20.2;21.0)
FGA,(20.2;21.2)
FGA,(20.2;22.0)
FGA,(20.2;22.2)
FGA,(20.2;23.0)
FGA,(20.2;23.2)
FGA,(20.2;24.0)
FGA,(20.2;24.2)
FGA,(20.2;25.0)
FGA,(20.2;25.2)
FGA,(20.2;26.0)
FGA,(20.2;26.2)
FGA,(20.2;27.0)
FGA,(20.2;27.2)
FGA,(20.2;28.0)
FGA,(20.2;28.2)
FGA,(20.2;29.0)
FGA,(20.2;29.2)
FGA,(20.2;30.0)
FGA,(20.2;30.2)
FGA,(20.2;31.0)
FGA,(20.2;31.2)
FGA,(20.2;32.2)
FGA,(20.2;33.2)
FGA,(20.2;34.2)
FGA,(20.2;42.2)
FGA,(20.2;43.2)
FGA,(20.2;44.2)
FGA,(20.2;45.2)
FGA,(20.2;46.2)
FGA,(20.2;47.2)
FGA,(20.2;48.2)
FGA,(20.2;50.2)
FGA,(20.2;51.2)
FGA,(21.0;21.0)
FGA,(21.0;21.2)
FGA,(21.0;22.0)
FGA,(21.0;22.2)
FGA,(21.0;23.0)
FGA,(21.0;23.2)
FGA,(21.0;24.0)
FGA,(21.0;24.2)
FGA,(21.0;25.0)
FGA,(21.0;25.2)
FGA,(21.0;26.0)
FGA,(21.0;26.2)
FGA,(21.0;27.0)
FGA,(21.0;27.2)
FGA,(21.0;28.0)
FGA,(21.0;28.2)
FGA,(21.0;29.0)
FGA,(21.0;29.2)
FGA,(21.0;30.0)
FGA,(21.0;30.2)
FGA,(21.0;31.0)
FGA,(21.0;31.2)
FGA,(21.0;32.2)
FGA,(21.0;33.2)
FGA,(21.0;34.2)
FGA,(21.0;42.2)
FGA,(21.0;43.2)
FGA,(21.0;44.2)
FGA,(21.0;45.2)
FGA,(21.0;46.2)
FGA,(21.0;47.2)
FGA,(21.0;48.2)
FGA,(21.0;50.2)
FGA,(21.0;51.2)
FGA,(21.2;21.2)
FGA,(21.2;22.0)
FGA,(21.2;22.2)
FGA,(21.2;23.0)
FGA,(21.2;23.2)
FGA,(21.2;24.0)
FGA,(21.2;24.2)
FGA,(21.2;25.0)
FGA,(21.2;25.2)
FGA,(21.2;26.0)
FGA,(21.2;26.2)
FGA,(21.2;27.0)
FGA,(21.2;27.2)
FGA,(21.2;28.0)
FGA,(21.2;28.2)
FGA,(21.2;29.0)
FGA,(21.2;29.2)
FGA,(21.2;30.0)
FGA,(21.2;30.2)
FGA,(21.2;31.0)
FGA,(21.2;31.2)
FGA,(21.2;32.2)
FGA,(21.2;33.2)
FGA,(21.2;34.2)
FGA,(21.2;42.2)
FGA,(21.2;43.2)
FGA,(21.2;44.2)
FGA,(21.2;45.2)
FGA,(21.2;46.2)
FGA,(21.2;47.2)
FGA,(21.2;48.2)
FGA,(21.2;50.2)
FGA,(21.2;51.2)
FGA,(22.0;22.0)
FGA,(22.0;22.2)
FGA,(22.0;23.0)
FGA,(22.0;23.2)
FGA,(22.0;24.0)
FGA,(22.0;24.2)
FGA,(22.0;25.0)
FGA,(22.0;25.2)
FGA,(22.0;26.0)
FGA,(22.0;26.2)
FGA,(22.0;27.0)
FGA,(22.0;27.2)
FGA,(22.0;28.0)
FGA,(22.0;28.2)
FGA,(22.0;29.0)
FGA,(22.0;29.2)
FGA,(22.0;30.0)
FGA,(22.0;30.2)
FGA,(22.0;31.0)
FGA,(22.0;31.2)
FGA,(22.0;32.2)
FGA,(22.0;33.2)
FGA,(22.0;34.2)
FGA,(22.0;42.2)
FGA,(22.0;43.2)
FGA,(22.0;44.2)
FGA,(22.0;45.2)
FGA,(22.0;46.2)
FGA,(22.0;47.2)
FGA,(22.0;48.2)
FGA,(22.0;50.2)
FGA,(22.0;51.2)
FGA,(22.2;22.2)
FGA,(22.2;23.0)
FGA,(22.2;23.2)
FGA,(22.2;24.0)
FGA,(22.2;24.2)
FGA,(22.2;25.0)
FGA,(22.2;25.2)
FGA,(22.2;26.0)
FGA,(22.2;26.2)
FGA,(22.2;27.0)
FGA,(22.2;27.2)
FGA,(22.2;28.0)
FGA,(22.2;28.2)
FGA,(22.2;29.0)
FGA,(22.2;29.2)
FGA,(22.2;30.0)
FGA,(22.2;30.2)
FGA,(22.2;31.0)
FGA,(22.2;31.2)
FGA,(22.2;32.2)
FGA,(22.2;33.2)
FGA,(22.2;34.2)
FGA,(22.2;42.2)
FGA,(22.2;43.2)
FGA,(22.2;44.2)
FGA,(22.2;45.2)
FGA,(22.2;46.2)
FGA,(22.2;47.2)
FGA,(22.2;48.2)
FGA,(22.2;50.2)
FGA,(22.2;51.2)
FGA,(23.0;23.0)
FGA,(23.0;23.2)
FGA,(23.0;24.0)
FGA,(23.0;24.2)
FGA,(23.0;25.0)
FGA,(23.0;25.2)
FGA,(23.0;26.0)
FGA,(23.0;26.2)
FGA,(23.0;27.0)
FGA,(23.0;27.2)
FGA,(23.0;28.0)
FGA,(23.0;28.2)
FGA,(23.0;29.0)
FGA,(23.0;29.2)
FGA,(23.0;30.0)
FGA,(23.0;30.2)
FGA,(23.0;31.0)
FGA,(23.0;31.2)
FGA,(23.0;32.2)
FGA,(23.0;33.2)
FGA,(23.0;34.2)
FGA,(23.0;42.2)
FGA,(23.0;43.2)
FGA,(23.0;44.2)
FGA,(23.0;45.2)
FGA,(23.0;46.2)
FGA,(23.0;47.2)
FGA,(23.0;48.2)
FGA,(23.0;50.2)
FGA,(23.0;51.2)
FGA,(23.2;23.2)
FGA,(23.2;24.0)
FGA,(23.2;24.2)
FGA,(23.2;25.0)
FGA,(23.2;25.2)
FGA,(23.2;26.0)
FGA,(23.2;26.2)
FGA,(23.2;27.0)
FGA,(23.2;27.2)
FGA,(23.2;28.0)
FGA,(23.2;28.2)
FGA,(23.2;29.0)
FGA,(23.2;29.2)
FGA,(23.2;30.0)
FGA,(23.2;30.2)
FGA,(23.2;31.0)
FGA,(23.2;31.2)
FGA,(23.2;32.2)
FGA,(23.2;33.2)
FGA,(23.2;34.2)
FGA,(23.2;42.2)
FGA,(23.2;43.2)
FGA,(23.2;44.2)
FGA,(23.2;45.2)
FGA,(23.2;46.2)
FGA,(23.2;47.2)
FGA,(23.2;48.2)
FGA,(23.2;50.2)
FGA,(23.2;51.2)
FGA,(24.0;24.0)
FGA,(24.0;24.2)
FGA,(24.0;25.0)
FGA,(24.0;25.2)
FGA,(24.0;26.0)
FGA,(24.0;26.2)
FGA,(24.0;27.0)
FGA,(24.0;27.2)
FGA,(24.0;28.0)
FGA,(24.0;28.2)
FGA,(24.0;29.0)
FGA,(24.0;29.2)
FGA,(24.0;30.0)
FGA,(24.0;30.2)
FGA,(24.0;31.0)
FGA,(24.0;31.2)
FGA,(24.0;32.2)
FGA,(24.0;33.2)
FGA,(24.0;34.2)
FGA,(24.0;42.2)
FGA,(24.0;43.2)
FGA,(24.0;44.2)
FGA,(24.0;45.2)
FGA,(24.0;46.2)
FGA,(24.0;47.2)
FGA,(24.0;48.2)
FGA,(24.0;50.2)
FGA,(24.0;51.2)
FGA,(24.2;24.2)
FGA,(24.2;25.0)
FGA,(24.2;25.2)
FGA,(24.2;26.0)
FGA,(24.2;26.2)
FGA,(24.2;27.0)
FGA,(24.2;27.2)
FGA,(24.2;28.0)
FGA,(24.2;28.2)
FGA,(24.2;29.0)
FGA,(24.2;29.2)
FGA,(24.2;30.0)
FGA,(24.2;30.2)
FGA,(24.2;31.0)
FGA,(24.2;31.2)
FGA,(24.2;32.2)
FGA,(24.2;33.2)
FGA,(24.2;34.2)
FGA,(24.2;42.2)
FGA,(24.2;43.2)
FGA,(24.2;44.2)
FGA,(24.2;45.2)
FGA,(24.2;46.2)
FGA,(24.2;47.2)
FGA,(24.2;48.2)
FGA,(24.2;50.2)
FGA,(24.2;51.2)
FGA,(25.0;25.0)
FGA,(25.0;25.2)
FGA,(25.0;26.0)
FGA,(25.0;26.2)
FGA,(25.0;27.0)
FGA,(25.0;27.2)
FGA,(25.0;28.0)
FGA,(25.0;28.2)
FGA,(25.0;29.0)
FGA,(25.0;29.2)
FGA,(25.0;30.0)
FGA,(25.0;30.2)
FGA,(25.0;31.0)
FGA,(25.0;31.2)
FGA,(25.0;32.2)
FGA,(25.0;33.2)
FGA,(25.0;34.2)
FGA,(25.0;42.2)
FGA,(25.0;43.2)
FGA,(25.0;44.2)
FGA,(25.0;45.2)
FGA,(25.0;46.2)
FGA,(25.0;47.2)
FGA,(25.0;48.2)
FGA,(25.0;50.2)
FGA,(25.0;51.2)
FGA,(25.2;25.2)
FGA,(25.2;26.0)
FGA,(25.2;26.2)
FGA,(25.2;27.0)
FGA,(25.2;27.2)
FGA,(25.2;28.0)
FGA,(25.2;28.2)
FGA,(25.2;29.0)
FGA,(25.2;29.2)
FGA,(25.2;30.0)
FGA,(25.2;30.2)
FGA,(25.2;31.0)
FGA,(25.2;31.2)
FGA,(25.2;32.2)
FGA,(25.2;33.2)
FGA,(25.2;34.2)
FGA,(25.2;42.2)
FGA,(25.2;43.2)
FGA,(25.2;44.2)
FGA,(25.2;45.2)
FGA,(25.2;46.2)
FGA,(25.2;47.2)
FGA,(25.2;48.2)
FGA,(25.2;50.2)
FGA,(25.2;51.2)
FGA,(26.0;26.0)
FGA,(26.0;26.2)
FGA,(26.0;27.0)
FGA,(26.0;27.2)
FGA,(26.0;28.0)
FGA,(26.0;28.2)
FGA,(26.0;29.0)
FGA,(26.0;29.2)
FGA,(26.0;30.0)
FGA,(26.0;30.2)
FGA,(26.0;31.0)
FGA,(26.0;31.2)
FGA,(26.0;32.2)
FGA,(26.0;33.2)
FGA,(26.0;34.2)
FGA,(26.0;42.2)
FGA,(26.0;43.2)
FGA,(26.0;44.2)
FGA,(26.0;45.2)
FGA,(26.0;46.2)
FGA,(26.0;47.2)
FGA,(26.0;48.2)
FGA,(26.0;50.2)
FGA,(26.0;51.2)
FGA,(26.2;26.2)
FGA,(26.2;27.0)
FGA,(26.2;27.2)
FGA,(26.2;28.0)
FGA,(26.2;28.2)
FGA,(26.2;29.0)
FGA,(26.2;29.2)
FGA,(26.2;30.0)
FGA,(26.2;30.2)
FGA,(26.2;31.0)
FGA,(26.2;31.2)
FGA,(26.2;32.2)
FGA,(26.2;33.2)
FGA,(26.2;34.2)
FGA,(26.2;42.2)
FGA,(26.2;43.2)
FGA,(26.2;44.2)
FGA,(26.2;45.2)
FGA,(26.2;46.2)
FGA,(26.2;47.2)
FGA,(26.2;48.2)
FGA,(26.2;50.2)
FGA,(26.2;51.2)
FGA,(27.0;27.0)
FGA,(27.0;27.2)
FGA,(27.0;28.0)
FGA,(27.0;28.2)
FGA,(27.0;29.0)
FGA,(27.0;29.2)
FGA,(27.0;30.0)
FGA,(27.0;30.2)
FGA,(27.0;31.0)
FGA,(27.0;31.2)
FGA,(27.0;32.2)
FGA,(27.0;33.2)
FGA,(27.0;34.2)
FGA,(27.0;42.2)
FGA,(27.0;43.2)
FGA,(27.0;44.2)
FGA,(27.0;45.2)
FGA,(27.0;46.2)
FGA,(27.0;47.2)
FGA,(27.0;48.2)
FGA,(27.0;50.2)
FGA,(27.0;51.2)
FGA,(27.2;27.2)
FGA,(27.2;28.0)
FGA,(27.2;28.2)
FGA,(27.2;29.0)
FGA,(27.2;29.2)
FGA,(27.2;30.0)
FGA,(27.2;30.2)
FGA,(27.2;31.0)
FGA,(27.2;31.2)
FGA,(27.2;32.2)
FGA,(27.2;33.2)
FGA,(27.2;34.2)
FGA,(27.2;42.2)
FGA,(27.2;43.2)
FGA,(27.2;44.2)
FGA,(27.2;45.2)
FGA,(27.2;46.2)
FGA,(27.2;47.2)
FGA,(27.2;48.2)
FGA,(27.2;50.2)
FGA,(27.2;51.2)
FGA,(28.0;28.0)
FGA,(28.0;28.2)
FGA,(28.0;29.0)
FGA,(28.0;29.2)
FGA,(28.0;30.0)
FGA,(28.0;30.2)
FGA,(28.0;31.0)
FGA,(28.0;31.2)
FGA,(28.0;32.2)
FGA,(28.0;33.2)
FGA,(28.0;34.2)
FGA,(28.0;42.2)
FGA,(28.0;43.2)
FGA,(28.0;44.2)
FGA,(28.0;45.2)
FGA,(28.0;46.2)
FGA,(28.0;47.2)
FGA,(28.0;48.2)
FGA,(28.0;50.2)
FGA,(28.0;51.2)
FGA,(28.2;28.2)
FGA,(28.2;29.0)
FGA,(28.2;29.2)
FGA,(28.2;30.0)
FGA,(28.2;30.2)
FGA,(28.2;31.0)
FGA,(28.2;31.2)
FGA,(28.2;32.2)
FGA,(28.2;33.2)
FGA,(28.2;34.2)
FGA,(28.2;42.2)
FGA,(28.2;43.2)
FGA,(28.2;44.2)
FGA,(28.2;45.2)
FGA,(28.2;46.2)
FGA,(28.2;47.2)
FGA,(28.2;48.2)
FGA,(28.2;50.2)
FGA,(28.2;51.2)
FGA,(29.0;29.0)
FGA,(29.0;29.2)
FGA,(29.0;30.0)
FGA,(29.0;30.2)
FGA,(29.0;31.0)
FGA,(29.0;31.2)
FGA,(29.0;32.2)
FGA,(29.0;33.2)
FGA,(29.0;34.2)
FGA,(29.0;42.2)
FGA,(29.0;43.2)
FGA,(29.0;44.2)
FGA,(29.0;45.2)
FGA,(29.0;46.2)
FGA,(29.0;47.2)
FGA,(29.0;48.2)
FGA,(29.0;50.2)
FGA,(29.0;51.2)
FGA,(29.2;29.2)
FGA,(29.2;30.0)
FGA,(29.2;30.2)
FGA,(29.2;31.0)
FGA,(29.2;31.2)
FGA,(29.2;32.2)
FGA,(29.2;33.2)
FGA,(29.2;34.2)
FGA,(29.2;42.2)
FGA,(29.2;43.2)
FGA,(29.2;44.2)
FGA,(29.2;45.2)
FGA,(29.2;46.2)
FGA,(29.2;47.2)
FGA,(29.2;48.2)
FGA,(29.2;50.2)
FGA,(29.2;51.2)
FGA,(30.0;30.0)
FGA,(30.0;30.2)
FGA,(30.0;31.0)
FGA,(30.0;31.2)
FGA,(30.0;32.2)
FGA,(30.0;33.2)
FGA,(30.0;34.2)
FGA,(30.0;42.2)
FGA,(30.0;43.2)
FGA,(30.0;44.2)
FGA,(30.0;45.2)
FGA,(30.0;46.2)
FGA,(30.0;47.2)
FGA,(30.0;48.2)
FGA,(30.0;50.2)
FGA,(30.0;51.2)
FGA,(30.2;30.2)
FGA,(30.2;31.0)
FGA,(30.2;31.2)
FGA,(30.2;32.2)
FGA,(30.2;33.2)
FGA,(30.2;34.2)
FGA,(30.2;42.2)
FGA,(30.2;43.2)
FGA,(30.2;44.2)
FGA,(30.2;45.2)
FGA,(30.2;46.2)
FGA,(30.2;47.2)
FGA,(30.2;48.2)
FGA,(30.2;50.2)
FGA,(30.2;51.2)
FGA,(31.0;31.0)
FGA,(31.0;31.2)
FGA,(31.0;32.2)
FGA,(31.0;33.2)
FGA,(31.0;34.2)
FGA,(31.0;42.2)
FGA,(31.0;43.2)
FGA,(31.0;44.2)
FGA,(31.0;45.2)
FGA,(31.0;46.2)
FGA,(31.0;47.2)
FGA,(31.0;48.2)
FGA,(31.0;50.2)
FGA,(31.0;51.2)
FGA,(31.2;31.2)
FGA,(31.2;32.2)
FGA,(31.2;33.2)
FGA,(31.2;34.2)
FGA,(31.2;42.2)
FGA,(31.2;43.2)
FGA,(31.2;44.2)
FGA,(31.2;45.2)
FGA,(31.2;46.2)
FGA,(31.2;47.2)
FGA,(31.2;48.2)
FGA,(31.2;50.2)
FGA,(31.2;51.2)
FGA,(32.2;32.2)
FGA,(32.2;33.2)
FGA,(32.2;34.2)
FGA,(32.2;42.2)
FGA,(32.2;43.2)
FGA,(32.2;44.2)
FGA,(32.2;45.2)
FGA,(32.2;46.2)
FGA,(32.2;47.2)
FGA,(32.2;48.2)
FGA,(32.2;50.2)
FGA,(32.2;51.2)
FGA,(33.2;33.2)
FGA,(33.2;34.2)
FGA,(33.2;42.2)
FGA,(33.2;43.2)
FGA,(33.2;44.2)
FGA,(33.2;45.2)
FGA,(33.2;46.2)
FGA,(33.2;47.2)
FGA,(33.2;48.2)
FGA,(33.2;50.2)
FGA,(33.2;51.2)
FGA,(34.2;34.2)
FGA,(34.2;42.2)
FGA,(34.2;43.2)
FGA,(34.2;44.2)
FGA,(34.2;45.2)
FGA,(34.2;46.2)
FGA,(34.2;47.2)
FGA,(34.2;48.2)
FGA,(34.2;50.2)
FGA,(34.2;51.2)
FGA,(42.2;42.2)
FGA,(42.2;43.2)
FGA,(42.2;44.2)
FGA,(42.2;45.2)
FGA,(42.2;46.2)
FGA,(42.2;47.2)
FGA,(42.2;48.2)
FGA,(42.2;50.2)
FGA,(42.2;51.2)
FGA,(43.2;43.2)
FGA,(43.2;44.2)
FGA,(43.2;45.2)
FGA,(43.2;46.2)
FGA,(43.2;47.2)
FGA,(43.2;48.2)
FGA,(43.2;50.2)
FGA,(43.2;51.2)
FGA,(44.2;44.2)
FGA,(44.2;45.2)
FGA,(44.2;46.2)
FGA,(44.2;47.2)
FGA,(44.2;48.2)
FGA,(44.2;50.2)
FGA,(44.2;51.2)
FGA,(45.2;45.2)
FGA,(45.2;46.2)
FGA,(45.2;47.2)
FGA,(45.2;48.2)
FGA,(45.2;50.2)
FGA,(45.2;51.2)
FGA,(46.2;46.2)
FGA,(46.2;47.2)
FGA,(46.2;48.2)
FGA,(46.2;50.2)
FGA,(46.2;51.2)
FGA,(47.2;47.2)
FGA,(47.2;48.2)
FGA,(47.2;50.2)
FGA,(47.2;51.2)
FGA,(48.2;48.2)
FGA,(48.2;50.2)
FGA,(48.2;51.2)
FGA,(50.2;50.2)
FGA,(50.2;51.2)
FGA,(51.2;51.2)
D16,(5.0;5.0)
D16,(5.0;6.0)
D16,(5.0;7.0)
D16,(5.0;8.0)
D16,(5.0;9.0)
D16,(5.0;10.0)
D16,(5.0;11.0)
D16,(5.0;12.0)
D16,(5.0;13.0)
D16,(5.0;14.0)
D16,(5.0;15.0)
D16,(6.0;6.0)
D16,(6.0;7.0)
D16,(6.0;8.0)
D16,(6.0;9.0)
D16,(6.0;10.0)
D16,(6.0;11.0)
D16,(6.0;12.0)
D16,(6.0;13.0)
D16,(6.0;14.0)
D16,(6.0;15.0)
D16,(7.0;7.0)
D16,(7.0;8.0)
D16,(7.0;9.0)
D16,(7.0;10.0)
D16,(7.0;11.0)
D16,(7.0;12.0)
D16,(7.0;13.0)
D16,(7.0;14.0)
D16,(7.0;15.0)
D16,(8.0;8.0)
D16,(8.0;9.0)
D16,(8.0;10.0)
D16,(8.0;11.0)
D16,(8.0;12.0)
D16,(8.0;13.0)
D16,(8.0;14.0)
D16,(8.0;15.0)
D16,(9.0;9.0)
D16,(9.0;10.0)
D16,(9.0;11.0)
D16,(9.0;12.0)
D16,(9.0;13.0)
D16,(9.0;14.0)
D16,(9.0;15.0)
D16,(10.0;10.0)
D16,(10.0;11.0)
D16,(10.0;12.0)
D16,(10.0;13.0)
D16,(10.0;14.0)
D16,(10.0;15.0)
D16,(11.0;11.0)
D16,(11.0;12.0)
D16,(11.0;13.0)
D16,(11.0;14.0)
D16,(11.0;15.0)
D16,(12.0;12.0)
D16,(12.0;13.0)
D16,(12.0;14.0)
D16,(12.0;15.0)
D16,(13.0;13.0)
D16,(13.0;14.0)
D16,(13.0;15.0)
D16,(14.0;14.0)
D16,(14.0;15.0)
D16,(15.0;15.0)
D13,(5.0;5.0)
D13,(5.0;6.0)
D13,(5.0;7.0)
D13,(5.0;8.0)
D13,(5.0;9.0)
D13,(5.0;10.0)
D13,(5.0;11.0)
D13,(5.0;12.0)
D13,(5.0;13.0)
D13,(5.0;14.0)
D13,(5.0;15.0)
D13,(6.0;6.0)
D13,(6.0;7.0)
D13,(6.0;8.0)
D13,(6.0;9.0)
D13,(6.0;10.0)
D13,(6.0;11.0)
D13,(6.0;12.0)
D13,(6.0;13.0)
D13,(6.0;14.0)
D13,(6.0;15.0)
D13,(7.0;7.0)
D13,(7.0;8.0)
D13,(7.0;9.0)
D13,(7.0;10.0)
D13,(7.0;11.0)
D13,(7.0;12.0)
D13,(7.0;13.0)
D13,(7.0;14.0)
D13,(7.0;15.0)
D13,(8.0;8.0)
D13,(8.0;9.0)
D13,(8.0;10.0)
D13,(8.0;11.0)
D13,(8.0;12.0)
D13,(8.0;13.0)
D13,(8.0;14.0)
D13,(8.0;15.0)
D13,(9.0;9.0)
D13,(9.0;10.0)
D13,(9.0;11.0)
D13,(9.0;12.0)
D13,(9.0;13.0)
D13,(9.0;14.0)
D13,(9.0;15.0)
D13,(10.0;10.0)
D13,(10.0;11.0)
D13,(10.0;12.0)
D13,(10.0;13.0)
D13,(10.0;14.0)
D13,(10.0;15.0)
D13,(11.0;11.0)
D13,(11.0;12.0)
D13,(11.0;13.0)
D13,(11.0;14.0)
D13,(11.0;15.0)
D13,(12.0;12.0)
D13,(12.0;13.0)
D13,(12.0;14.0)
D13,(12.0;15.0)
D13,(13.0;13.0)
D13,(13.0;14.0)
D13,(13.0;15.0)
D13,(14.0;14.0)
D13,(14.0;15.0)
D13,(15.0;15.0)
D21,(23.2;23.2)
D21,(23.2;24.0)
D21,(23.2;24.2)
D21,(23.2;25.0)
D21,(23.2;26.0)
D21,(23.2;27.0)
D21,(23.2;28.0)
D21,(23.2;28.2)
D21,(23.2;29.0)
D21,(23.2;29.2)
D21,(23.2;30.0)
D21,(23.2;30.2)
D21,(23.2;31.0)
D21,(23.2;31.2)
D21,(23.2;32.0)
D21,(23.2;32.2)
D21,(23.2;33.0)
D21,(23.2;33.1)
D21,(23.2;33.2)
D21,(23.2;34.0)
D21,(23.2;34.2)
D21,(23.2;35.0)
D21,(23.2;35.2)
D21,(23.2;36.0)
D21,(23.2;37.0)
D21,(23.2;38.0)
D21,(24.0;24.0)
D21,(24.0;24.2)
D21,(24.0;25.0)
D21,(24.0;26.0)
D21,(24.0;27.0)
D21,(24.0;28.0)
D21,(24.0;28.2)
D21,(24.0;29.0)
D21,(24.0;29.2)
D21,(24.0;30.0)
D21,(24.0;30.2)
D21,(24.0;31.0)
D21,(24.0;31.2)
D21,(24.0;32.0)
D21,(24.0;32.2)
D21,(24.0;33.0)
D21,(24.0;33.1)
D21,(24.0;33.2)
D21,(24.0;34.0)
D21,(24.0;34.2)
D21,(24.0;35.0)
D21,(24.0;35.2)
D21,(24.0;36.0)
D21,(24.0;37.0)
D21,(24.0;38.0)
D21,(24.2;24.2)
D21,(24.2;25.0)
D21,(24.2;26.0)
D21,(24.2;27.0)
D21,(24.2;28.0)
D21,(24.2;28.2)
D21,(24.2;29.0)
D21,(24.2;29.2)
D21,(24.2;30.0)
D21,(24.2;30.2)
D21,(24.2;31.0)
D21,(24.2;31.2)
D21,(24.2;32.0)
D21,(24.2;32.2)
D21,(24.2;33.0)
D21,(24.2;33.1)
D21,(24.2;33.2)
D21,(24.2;34.0)
D21,(24.2;34.2)
D21,(24.2;35.0)
D21,(24.2;35.2)
D21,(24.2;36.0)
D21,(24.2;37.0)
D21,(24.2;38.0)
D21,(25.0;25.0)
D21,(25.0;26.0)
D21,(25.0;27.0)
D21,(25.0;28.0)
D21,(25.0;28.2)
D21,(25.0;29.0)
D21,(25.0;29.2)
D21,(25.0;30.0)
D21,(25.0;30.2)
D21,(25.0;31.0)
D21,(25.0;31.2)
D21,(25.0;32.0)
D21,(25.0;32.2)
D21,(25.0;33.0)
D21,(25.0;33.1)
D21,(25.0;33.2)
D21,(25.0;34.0)
D21,(25.0;34.2)
D21,(25.0;35.0)
D21,(25.0;35.2)
D21,(25.0;36.0)
D21,(25.0;37.0)
D21,(25.0;38.0)
D21,(26.0;26.0)
D21,(26.0;27.0)
D21,(26.0;28.0)
D21,(26.0;28.2)
D21,(26.0;29.0)
D21,(26.0;29.2)
D21,(26.0;30.0)
D21,(26.0;30.2)
D21,(26.0;31.0)
D21,(26.0;31.2)
D21,(26.0;32.0)
D21,(26.0;32.2)
D21,(26.0;33.0)
D21,(26.0;33.1)
D21,(26.0;33.2)
D21,(26.0;34.0)
D21,(26.0;34.2)
D21,(26.0;35.0)
D21,(26.0;35.2)
D21,(26.0;36.0)
D21,(26.0;37.0)
D21,(26.0;38.0)
D21,(27.0;27.0)
D21,(27.0;28.0)
D21,(27.0;28.2)
D21,(27.0;29.0)
D21,(27.0;29.2)
D21,(27.0;30.0)
D21,(27.0;30.2)
D21,(27.0;31.0)
D21,(27.0;31.2)
D21,(27.0;32.0)
D21,(27.0;32.2)
D21,(27.0;33.0)
D21,(27.0;33.1)
D21,(27.0;33.2)
D21,(27.0;34.0)
D21,(27.0;34.2)
D21,(27.0;35.0)
D21,(27.0;35.2)
D21,(27.0;36.0)
D21,(27.0;37.0)
D21,(27.0;38.0)
D21,(28.0;28.0)
D21,(28.0;28.2)
D21,(28.0;29.0)
D21,(28.0;29.2)
D21,(28.0;30.0)
D21,(28.0;30.2)
D21,(28.0;31.0)
D21,(28.0;31.2)
D21,(28.0;32.0)
D21,(28.0;32.2)
D21,(28.0;33.0)
D21,(28.0;33.1)
D21,(28.0;33.2)
D21,(28.0;34.0)
D21,(28.0;34.2)
D21,(28.0;35.0)
D21,(28.0;35.2)
D21,(28.0;36.0)
D21,(28.0;37.0)
D21,(28.0;38.0)
D21,(28.2;28.2)
D21,(28.2;29.0)
D21,(28.2;29.2)
D21,(28.2;30.0)
D21,(28.2;30.2)
D21,(28.2;31.0)
D21,(28.2;31.2)
D21,(28.2;32.0)
D21,(28.2;32.2)
D21,(28.2;33.0)
D21,(28.2;33.1)
D21,(28.2;33.2)
D21,(28.2;34.0)
D21,(28.2;34.2)
D21,(28.2;35.0)
D21,(28.2;35.2)
D21,(28.2;36.0)
D21,(28.2;37.0)
D21,(28.2;38.0)
D21,(29.0;29.0)
D21,(29.0;29.2)
D21,(29.0;30.0)
D21,(29.0;30.2)
D21,(29.0;31.0)
D21,(29.0;31.2)
D21,(29.0;32.0)
D21,(29.0;32.2)
D21,(29.0;33.0)
D21,(29.0;33.1)
D21,(29.0;33.2)
D21,(29.0;34.0)
D21,(29.0;34.2)
D21,(29.0;35.0)
D21,(29.0;35.2)
D21,(29.0;36.0)
D21,(29.0;37.0)
D21,(29.0;38.0)
D21,(29.2;29.2)
D21,(29.2;30.0)
D21,(29.2;30.2)
D21,(29.2;31.0)
D21,(29.2;31.2)
D21,(29.2;32.0)
D21,(29.2;32.2)
D21,(29.2;33.0)
D21,(29.2;33.1)
D21,(29.2;33.2)
D21,(29.2;34.0)
D21,(29.2;34.2)
D21,(29.2;35.0)
D21,(29.2;35.2)
D21,(29.2;36.0)
D21,(29.2;37.0)
D21,(29.2;38.0)
D21,(30.0;30.0)
D21,(30.0;30.2)
D21,(30.0;31.0)
D21,(30.0;31.2)
D21,(30.0;32.0)
D21,(30.0;32.2)
D21,(30.0;33.0)
D21,(30.0;33.1)
D21,(30.0;33.2)
D21,(30.0;34.0)
D21,(30.0;34.2)
D21,(30.0;35.0)
D21,(30.0;35.2)
D21,(30.0;36.0)
D21,(30.0;37.0)
D21,(30.0;38.0)
D21,(30.2;30.2)
D21,(30.2;31.0)
D21,(30.2;31.2)
D21,(30.2;32.0)
D21,(30.2;32.2)
D21,(30.2;33.0)
D21,(30.2;33.1)
D21,(30.2;33.2)
D21,(30.2;34.0)
D21,(30.2;34.2)
D21,(30.2;35.0)
D21,(30.2;35.2)
D21,(30.2;36.0)
D21,(30.2;37.0)
D21,(30.2;38.0)
D21,(31.0;31.0)
D21,(31.0;31.2)
D21,(31.0;32.0)
D21,(31.0;32.2)
D21,(31.0;33.0)
D21,(31.0;33.1)
D21,(31.0;33.2)
D21,(31.0;34.0)
D21,(31.0;34.2)
D21,(31.0;35.0)
D21,(31.0;35.2)
D21,(31.0;36.0)
D21,(31.0;37.0)
D21,(31.0;38.0)
D21,(31.2;31.2)
D21,(31.2;32.0)
D21,(31.2;32.2)
D21,(31.2;33.0)
D21,(31.2;33.1)
D21,(31.2;33.2)
D21,(31.2;34.0)
D21,(31.2;34.2)
D21,(31.2;35.0)
D21,(31.2;35.2)
D21,(31.2;36.0)
D21,(31.2;37.0)
D21,(31.2;38.0)
D21,(32.0;32.0)
D21,(32.0;32.2)
D21,(32.0;33.0)
D21,(32.0;33.1)
D21,(32.0;33.2)
D21,(32.0;34.0)
D21,(32.0;34.2)
D21,(32.0;35.0)
D21,(32.0;35.2)
D21,(32.0;36.0)
D21,(32.0;37.0)
D21,(32.0;38.0)
D21,(32.2;32.2)
D21,(32.2;33.0)
D21,(32.2;33.1)
D21,(32.2;33.2)
D21,(32.2;34.0)
D21,(32.2;34.2)
D21,(32.2;35.0)
D21,(32.2;35.2)
D21,(32.2;36.0)
D21,(32.2;37.0)
D21,(32.2;38.0)
D21,(33.0;33.0)
D21,(33.0;33.1)
D21,(33.0;33.2)
D21,(33.0;34.0)
D21,(33.0;34.2)
D21,(33.0;35.0)
D21,(33.0;35.2)
D21,(33.0;36.0)
D21,(33.0;37.0)
D21,(33.0;38.0)
D21,(33.1;33.1)
D21,(33.1;33.2)
D21,(33.1;34.0)
D21,(33.1;34.2)
D21,(33.1;35.0)
D21,(33.1;35.2)
D21,(33.1;36.0)
D21,(33.1;37.0)
D21,(33.1;38.0)
D21,(33.2;33.2)
D21,(33.2;34.0)
D21,(33.2;34.2)
D21,(33.2;35.0)
D21,(33.2;35.2)
D21,(33.2;36.0)
D21,(33.2;37.0)
D21,(33.2;38.0)
D21,(34.0;34.0)
D21,(34.0;34.2)
D21,(34.0;35.0)
D21,(34.0;35.2)
D21,(34.0;36.0)
D21,(34.0;37.0)
D21,(34.0;38.0)
D21,(34.2;34.2)
D21,(34.2;35.0)
D21,(34.2;35.2)
D21,(34.2;36.0)
D21,(34.2;37.0)
D21,(34.2;38.0)
D21,(35.0;35.0)
D21,(35.0;35.2)
D21,(35.0;36.0)
D21,(35.0;37.0)
D21,(35.0;38.0)
D21,(35.2;35.2)
D21,(35.2;36.0)
D21,(35.2;37.0)
D21,(35.2;38.0)
D21,(36.0;36.0)
D21,(36.0;37.0)
D21,(36.0;38.0)
D21,(37.0;37.0)
D21,(37.0;38.0)
D21,(38.0;38.0)
CSF,(6.0;6.0)
CSF,(6.0;7.0)
CSF,(6.0;8.0)
CSF,(6.0;9.0)
CSF,(6.0;10.0)
CSF,(6.0;11.0)
CSF,(6.0;12.0)
CSF,(6.0;13.0)
CSF,(6.0;14.0)
CSF,(6.0;15.0)
CSF,(7.0;7.0)
CSF,(7.0;8.0)
CSF,(7.0;9.0)
CSF,(7.0;10.0)
CSF,(7.0;11.0)
CSF,(7.0;12.0)
CSF,(7.0;13.0)
CSF,(7.0;14.0)
CSF,(7.0;15.0)
CSF,(8.0;8.0)
CSF,(8.0;9.0)
CSF,(8.0;10.0)
CSF,(8.0;11.0)
CSF,(8.0;12.0)
CSF,(8.0;13.0)
CSF,(8.0;14.0)
CSF,(8.0;15.0)
CSF,(9.0;9.0)
CSF,(9.0;10.0)
CSF,(9.0;11.0)
CSF,(9.0;12.0)
CSF,(9.0;13.0)
CSF,(9.0;14.0)
CSF,(9.0;15.0)
CSF,(10.0;10.0)
CSF,(10.0;11.0)
CSF,(10.0;12.0)
CSF,(10.0;13.0)
CSF,(10.0;14.0)
CSF,(10.0;15.0)
CSF,(11.0;11.0)
CSF,(11.0;12.0)
CSF,(11.0;13.0)
CSF,(11.0;14.0)
CSF,(11.0;15.0)
CSF,(12.0;12.0)
CSF,(12.0;13.0)
CSF,(12.0;14.0)
CSF,(12.0;15.0)
CSF,(13.0;13.0)
CSF,(13.0;14.0)
CSF,(13.0;15.0)
CSF,(14.0;14.0)
CSF,(14.0;15.0)
CSF,(15.0;15.0)
D18,(7.0;7.0)
D18,(7.0;9.0)
D18,(7.0;10.0)
D18,(7.0;10.2)
D18,(7.0;11.0)
D18,(7.0;12.0)
D18,(7.0;13.0)
D18,(7.0;13.2)
D18,(7.0;14.0)
D18,(7.0;14.2)
D18,(7.0;15.0)
D18,(7.0;15.2)
D18,(7.0;16.0)
D18,(7.0;17.0)
D18,(7.0;18.0)
D18,(7.0;19.0)
D18,(7.0;20.0)
D18,(7.0;21.0)
D18,(7.0;22.0)
D18,(7.0;23.0)
D18,(7.0;24.0)
D18,(7.0;25.0)
D18,(7.0;26.0)
D18,(9.0;9.0)
D18,(9.0;10.0)
D18,(9.0;10.2)
D18,(9.0;11.0)
D18,(9.0;12.0)
D18,(9.0;13.0)
D18,(9.0;13.2)
D18,(9.0;14.0)
D18,(9.0;14.2)
D18,(9.0;15.0)
D18,(9.0;15.2)
D18,(9.0;16.0)
D18,(9.0;17.0)
D18,(9.0;18.0)
D18,(9.0;19.0)
D18,(9.0;20.0)
D18,(9.0;21.0)
D18,(9.0;22.0)
D18,(9.0;23.0)
D18,(9.0;24.0)
D18,(9.0;25.0)
D18,(9.0;26.0)
D18,(10.0;10.0)
D18,(10.0;10.2)
D18,(10.0;11.0)
D18,(10.0;12.0)
D18,(10.0;13.0)
D18,(10.0;13.2)
D18,(10.0;14.0)
D18,(10.0;14.2)
D18,(10.0;15.0)
D18,(10.0;15.2)
D18,(10.0;16.0)
D18,(10.0;17.0)
D18,(10.0;18.0)
D18,(10.0;19.0)
D18,(10.0;20.0)
D18,(10.0;21.0)
D18,(10.0;22.0)
D18,(10.0;23.0)
D18,(10.0;24.0)
D18,(10.0;25.0)
D18,(10.0;26.0)
D18,(10.2;10.2)
D18,(10.2;11.0)
D18,(10.2;12.0)
D18,(10.2;13.0)
D18,(10.2;13.2)
D18,(10.2;14.0)
D18,(10.2;14.2)
D18,(10.2;15.0)
D18,(10.2;15.2)
D18,(10.2;16.0)
D18,(10.2;17.0)
D18,(10.2;18.0)
D18,(10.2;19.0)
D18,(10.2;20.0)
D18,(10.2;21.0)
D18,(10.2;22.0)
D18,(10.2;23.0)
D18,(10.2;24.0)
D18,(10.2;25.0)
D18,(10.2;26.0)
D18,(11.0;11.0)
D18,(11.0;12.0)
D18,(11.0;13.0)
D18,(11.0;13.2)
D18,(11.0;14.0)
D18,(11.0;14.2)
D18,(11.0;15.0)
D18,(11.0;15.2)
D18,(11.0;16.0)
D18,(11.0;17.0)
D18,(11.0;18.0)
D18,(11.0;19.0)
D18,(11.0;20.0)
D18,(11.0;21.0)
D18,(11.0;22.0)
D18,(11.0;23.0)
D18,(11.0;24.0)
D18,(11.0;25.0)
D18,(11.0;26.0)
D18,(12.0;12.0)
D18,(12.0;13.0)
D18,(12.0;13.2)
D18,(12.0;14.0)
D18,(12.0;14.2)
D18,(12.0;15.0)
D18,(12.0;15.2)
D18,(12.0;16.0)
D18,(12.0;17.0)
D18,(12.0;18.0)
D18,(12.0;19.0)
D18,(12.0;20.0)
D18,(12.0;21.0)
D18,(12.0;22.0)
D18,(12.0;23.0)
D18,(12.0;24.0)
D18,(12.0;25.0)
D18,(12.0;26.0)
D18,(13.0;13.0)
D18,(13.0;13.2)
D18,(13.0;14.0)
D18,(13.0;14.2)
D18,(13.0;15.0)
D18,(13.0;15.2)
D18,(13.0;16.0)
D18,(13.0;17.0)
D18,(13.0;18.0)
D18,(13.0;19.0)
D18,(13.0;20.0)
D18,(13.0;21.0)
D18,(13.0;22.0)
D18,(13.0;23.0)
D18,(13.0;24.0)
D18,(13.0;25.0)
D18,(13.0;26.0)
D18,(13.2;13.2)
D18,(13.2;14.0)
D18,(13.2;14.2)
D18,(13.2;15.0)
D18,(13.2;15.2)
D18,(13.2;16.0)
D18,(13.2;17.0)
D18,(13.2;18.0)
D18,(13.2;19.0)
D18,(13.2;20.0)
D18,(13.2;21.0)
D18,(13.2;22.0)
D18,(13.2;23.0)
D18,(13.2;24.0)
D18,(13.2;25.0)
D18,(13.2;26.0)
D18,(14.0;14.0)
D18,(14.0;14.2)
D18,(14.0;15.0)
D18,(14.0;15.2)
D18,(14.0;16.0)
D18,(14.0;17.0)
D18,(14.0;18.0)
D18,(14.0;19.0)
D18,(14.0;20.0)
D18,(14.0;21.0)
D18,(14.0;22.0)
D18,(14.0;23.0)
D18,(14.0;24.0)
D18,(14.0;25.0)
D18,(14.0;26.0)
D18,(14.2;14.2)
D18,(14.2;15.0)
D18,(14.2;15.2)
D18,(14.2;16.0)
D18,(14.2;17.0)
D18,(14.2;18.0)
D18,(14.2;19.0)
D18,(14.2;20.0)
D18,(14.2;21.0)
D18,(14.2;22.0)
D18,(14.2;23.0)
D18,(14.2;24.0)
D18,(14.2;25.0)
D18,(14.2;26.0)
D18,(15.0;15.0)
D18,(15.0;15.2)
D18,(15.0;16.0)
D18,(15.0;17.0)
D18,(15.0;18.0)
D18,(15.0;19.0)
D18,(15.0;20.0)
D18,(15.0;21.0)
D18,(15.0;22.0)
D18,(15.0;23.0)
D18,(15.0;24.0)
D18,(15.0;25.0)
D18,(15.0;26.0)
D18,(15.2;15.2)
D18,(15.2;16.0)
D18,(15.2;17.0)
D18,(15.2;18.0)
D18,(15.2;19.0)
D18,(15.2;20.0)
D18,(15.2;21.0)
D18,(15.2;22.0)
D18,(15.2;23.0)
D18,(15.2;24.0)
D18,(15.2;25.0)
D18,(15.2;26.0)
D18,(16.0;16.0)
D18,(16.0;17.0)
D18,(16.0;18.0)
D18,(16.0;19.0)
D18,(16.0;20.0)
D18,(16.0;21.0)
D18,(16.0;22.0)
D18,(16.0;23.0)
D18,(16.0;24.0)
D18,(16.0;25.0)
D18,(16.0;26.0)
D18,(17.0;17.0)
D18,(17.0;18.0)
D18,(17.0;19.0)
D18,(17.0;20.0)
D18,(17.0;21.0)
D18,(17.0;22.0)
D18,(17.0;23.0)
D18,(17.0;24.0)
D18,(17.0;25.0)
D18,(17.0;26.0)
D18,(18.0;18.0)
D18,(18.0;19.0)
D18,(18.0;20.0)
D18,(18.0;21.0)
D18,(18.0;22.0)
D18,(18.0;23.0)
D18,(18.0;24.0)
D18,(18.0;25.0)
D18,(18.0;26.0)
D18,(19.0;19.0)
D18,(19.0;20.0)
D18,(19.0;21.0)
D18,(19.0;22.0)
D18,(19.0;23.0)
D18,(19.0;24.0)
D18,(19.0;25.0)
D18,(19.0;26.0)
D18,(20.0;20.0)
D18,(20.0;21.0)
D18,(20.0;22.0)
D18,(20.0;23.0)
D18,(20.0;24.0)
D18,(20.0;25.0)
D18,(20.0;26.0)
D18,(21.0;21.0)
D18,(21.0;22.0)
D18,(21.0;23.0)
D18,(21.0;24.0)
D18,(21.0;25.0)
D18,(21.0;26.0)
D18,(22.0;22.0)
D18,(22.0;23.0)
D18,(22.0;24.0)
D18,(22.0;25.0)
D18,(22.0;26.0)
D18,(23.0;23.0)
D18,(23.0;24.0)
D18,(23.0;25.0)
D18,(23.0;26.0)
D18,(24.0;24.0)
D18,(24.0;25.0)
D18,(24.0;26.0)
D18,(25.0;25.0)
D18,(25.0;26.0)
D18,(26.0;26.0)
D19,(9.0;9.0)
D19,(9.0;10.0)
D19,(9.0;10.2)
D19,(9.0;11.0)
D19,(9.0;11.2)
D19,(9.0;12.0)
D19,(9.0;12.2)
D19,(9.0;13.0)
D19,(9.0;13.2)
D19,(9.0;14.0)
D19,(9.0;14.2)
D19,(9.0;15.0)
D19,(9.0;15.2)
D19,(9.0;16.0)
D19,(9.0;16.2)
D19,(9.0;17.0)
D19,(9.0;17.2)
D19,(9.0;18.2)
D19,(10.0;10.0)
D19,(10.0;10.2)
D19,(10.0;11.0)
D19,(10.0;11.2)
D19,(10.0;12.0)
D19,(10.0;12.2)
D19,(10.0;13.0)
D19,(10.0;13.2)
D19,(10.0;14.0)
D19,(10.0;14.2)
D19,(10.0;15.0)
D19,(10.0;15.2)
D19,(10.0;16.0)
D19,(10.0;16.2)
D19,(10.0;17.0)
D19,(10.0;17.2)
D19,(10.0;18.2)
D19,(10.2;10.2)
D19,(10.2;11.0)
D19,(10.2;11.2)
D19,(10.2;12.0)
D19,(10.2;12.2)
D19,(10.2;13.0)
D19,(10.2;13.2)
D19,(10.2;14.0)
D19,(10.2;14.2)
D19,(10.2;15.0)
D19,(10.2;15.2)
D19,(10.2;16.0)
D19,(10.2;16.2)
D19,(10.2;17.0)
D19,(10.2;17.2)
D19,(10.2;18.2)
D19,(11.0;11.0)
D19,(11.0;11.2)
D19,(11.0;12.0)
D19,(11.0;12.2)
D19,(11.0;13.0)
D19,(11.0;13.2)
D19,(11.0;14.0)
D19,(11.0;14.2)
D19,(11.0;15.0)
D19,(11.0;15.2)
D19,(11.0;16.0)
D19,(11.0;16.2)
D19,(11.0;17.0)
D19,(11.0;17.2)
D19,(11.0;18.2)
D19,(11.2;11.2)
D19,(11.2;12.0)
D19,(11.2;12.2)
D19,(11.2;13.0)
D19,(11.2;13.2)
D19,(11.2;14.0)
D19,(11.2;14.2)
D19,(11.2;15.0)
D19,(11.2;15.2)
D19,(11.2;16.0)
D19,(11.2;16.2)
D19,(11.2;17.0)
D19,(11.2;17.2)
D19,(11.2;18.2)
D19,(12.0;12.0)
D19,(12.0;12.2)
D19,(12.0;13.0)
D19,(12.0;13.2)
D19,(12.0;14.0)
D19,(12.0;14.2)
D19,(12.0;15.0)
D19,(12.0;15.2)
D19,(12.0;16.0)
D19,(12.0;16.2)
D19,(12.0;17.0)
D19,(12.0;17.2)
D19,(12.0;18.2)
D19,(12.2;12.2)
D19,(12.2;13.0)
D19,(12.2;13.2)
D19,(12.2;14.0)
D19,(12.2;14.2)
D19,(12.2;15.0)
D19,(12.2;15.2)
D19,(12.2;16.0)
D19,(12.2;16.2)
D19,(12.2;17.0)
D19,(12.2;17.2)
D19,(12.2;18.2)
D19,(13.0;13.0)
D19,(13.0;13.2)
D19,(13.0;14.0)
D19,(13.0;14.2)
D19,(13.0;15.0)
D19,(13.0;15.2)
D19,(13.0;16.0)
D19,(13.0;16.2)
D19,(13.0;17.0)
D19,(13.0;17.2)
D19,(13.0;18.2)
D19,(13.2;13.2)
D19,(13.2;14.0)
D19,(13.2;14.2)
D19,(13.2;15.0)
D19,(13.2;15.2)
D19,(13.2;16.0)
D19,(13.2;16.2)
D19,(13.2;17.0)
D19,(13.2;17.2)
D19,(13.2;18.2)
D19,(14.0;14.0)
D19,(14.0;14.2)
D19,(14.0;15.0)
D19,(14.0;15.2)
D19,(14.0;16.0)
D19,(14.0;16.2)
D19,(14.0;17.0)
D19,(14.0;17.2)
D19,(14.0;18.2)
D19,(14.2;14.2)
D19,(14.2;15.0)
D19,(14.2;15.2)
D19,(14.2;16.0)
D19,(14.2;16.2)
D19,(14.2;17.0)
D19,(14.2;17.2)
D19,(14.2;18.2)
D19,(15.0;15.0)
D19,(15.0;15.2)
D19,(15.0;16.0)
D19,(15.0;16.2)
D19,(15.0;17.0)
D19,(15.0;17.2)
D19,(15.0;18.2)
D19,(15.2;15.2)
D19,(15.2;16.0)
D19,(15.2;16.2)
D19,(15.2;17.0)
D19,(15.2;17.2)
D19,(15.2;18.2)
D19,(16.0;16.0)
D19,(16.0;16.2)
D19,(16.0;17.0)
D19,(16.0;17.2)
D19,(16.0;18.2)
D19,(16.2;16.2)
D19,(16.2;17.0)
D19,(16.2;17.2)
D19,(16.2;18.2)
D19,(17.0;17.0)
D19,(17.0;17.2)
D19,(17.0;18.2)
D19,(17.2;17.2)
D19,(17.2;18.2)
D19,(18.2;18.2)
D3,(9.0;9.0)
D3,(9.0;10.0)
D3,(9.0;11.0)
D3,(9.0;12.0)
D3,(9.0;13.0)
D3,(9.0;14.0)
D3,(9.0;15.0)
D3,(9.0;15.2)
D3,(9.0;16.0)
D3,(9.0;17.0)
D3,(9.0;18.0)
D3,(9.0;19.0)
D3,(9.0;20.0)
D3,(10.0;10.0)
D3,(10.0;11.0)
D3,(10.0;12.0)
D3,(10.0;13.0)
D3,(10.0;14.0)
D3,(10.0;15.0)
D3,(10.0;15.2)
D3,(10.0;16.0)
D3,(10.0;17.0)
D3,(10.0;18.0)
D3,(10.0;19.0)
D3,(10.0;20.0)
D3,(11.0;11.0)
D3,(11.0;12.0)
D3,(11.0;13.0)
D3,(11.0;14.0)
D3,(11.0;15.0)
D3,(11.0;15.2)
D3,(11.0;16.0)
D3,(11.0;17.0)
D3,(11.0;18.0)
D3,(11.0;19.0)
D3,(11.0;20.0)
D3,(12.0;12.0)
D3,(12.0;13.0)
D3,(12.0;14.0)
D3,(12.0;15.0)
D3,(12.0;15.2)
D3,(12.0;16.0)
D3,(12.0;17.0)
D3,(12.0;18.0)
D3,(12.0;19.0)
D3,(12.0;20.0)
D3,(13.0;13.0)
D3,(13.0;14.0)
D3,(13.0;15.0)
D3,(13.0;15.2)
D3,(13.0;16.0)
D3,(13.0;17.0)
D3,(13.0;18.0)
D3,(13.0;19.0)
D3,(13.0;20.0)
D3,(14.0;14.0)
D3,(14.0;15.0)
D3,(14.0;15.2)
D3,(14.0;16.0)
D3,(14.0;17.0)
D3,(14.0;18.0)
D3,(14.0;19.0)
D3,(14.0;20.0)
D3,(15.0;15.0)
D3,(15.0;15.2)
D3,(15.0;16.0)
D3,(15.0;17.0)
D3,(15.0;18.0)
D3,(15.0;19.0)
D3,(15.0;20.0)
D3,(15.2;15.2)
D3,(15.2;16.0)
D3,(15.2;17.0)
D3,(15.2;18.0)
D3,(15.2;19.0)
D3,(15.2;20.0)
D3,(16.0;16.0)
D3,(16.0;17.0)
D3,(16.0;18.0)
D3,(16.0;19.0)
D3,(16.0;20.0)
D3,(17.0;17.0)
D3,(17.0;18.0)
D3,(17.0;19.0)
D3,(17.0;20.0)
D3,(18.0;18.0)
D3,(18.0;19.0)
D3,(18.0;20.0)
D3,(19.0;19.0)
D3,(19.0;20.0)
D3,(20.0;20.0)
TH01,(4.0;4.0)
TH01,(4.0;5.0)
TH01,(4.0;6.0)
TH01,(4.0;7.0)
TH01,(4.0;8.0)
TH01,(4.0;8.3)
TH01,(4.0;9.0)
TH01,(4.0;9.3)
TH01,(4.0;10.0)
TH01,(4.0;11.0)
TH01,(4.0;13.3)
TH01,(5.0;5.0)
TH01,(5.0;6.0)
TH01,(5.0;7.0)
TH01,(5.0;8.0)
TH01,(5.0;8.3)
TH01,(5.0;9.0)
TH01,(5.0;9.3)
TH01,(5.0;10.0)
TH01,(5.0;11.0)
TH01,(5.0;13.3)
TH01,(6.0;6.0)
TH01,(6.0;7.0)
TH01,(6.0;8.0)
TH01,(6.0;8.3)
TH01,(6.0;9.0)
TH01,(6.0;9.3)
TH01,(6.0;10.0)
TH01,(6.0;11.0)
TH01,(6.0;13.3)
TH01,(7.0;7.0)
TH01,(7.0;8.0)
TH01,(7.0;8.3)
TH01,(7.0;9.0)
TH01,(7.0;9.3)
TH01,(7.0;10.0)
TH01,(7.0;11.0)
TH01,(7.0;13.3)
TH01,(8.0;8.0)
TH01,(8.0;8.3)
TH01,(8.0;9.0)
TH01,(8.0;9.3)
TH01,(8.0;10.0)
TH01,(8.0;11.0)
TH01,(8.0;13.3)
TH01,(8.3;8.3)
TH01,(8.3;9.0)
TH01,(8.3;9.3)
TH01,(8.3;10.0)
TH01,(8.3;11.0)
TH01,(8.3;13.3)
TH01,(9.0;9.0)
TH01,(9.0;9.3)
TH01,(9.0;10.0)
TH01,(9.0;11.0)
TH01,(9.0;13.3)
TH01,(9.3;9.3)
TH01,(9.3;10.0)
TH01,(9.3;11.0)
TH01,(9.3;13.3)
TH01,(10.0;10.0)
TH01,(10.0;11.0)
TH01,(10.0;13.3)
TH01,(11.0;11.0)
TH01,(11.0;13.3)
TH01,(13.3;13.3)
D8,(8.0;8.0)
D8,(8.0;9.0)
D8,(8.0;10.0)
D8,(8.0;11.0)
D8,(8.0;12.0)
D8,(8.0;13.0)
D8,(8.0;14.0)
D8,(8.0;15.0)
D8,(8.0;16.0)
D8,(8.0;17.0)
D8,(8.0;18.0)
D8,(8.0;19.0)
D8,(9.0;9.0)
D8,(9.0;10.0)
D8,(9.0;11.0)
D8,(9.0;12.0)
D8,(9.0;13.0)
D8,(9.0;14.0)
D8,(9.0;15.0)
D8,(9.0;16.0)
D8,(9.0;17.0)
D8,(9.0;18.0)
D8,(9.0;19.0)
D8,(10.0;10.0)
D8,(10.0;11.0)
D8,(10.0;12.0)
D8,(10.0;13.0)
D8,(10.0;14.0)
D8,(10.0;15.0)
D8,(10.0;16.0)
D8,(10.0;17.0)
D8,(10.0;18.0)
D8,(10.0;19.0)
D8,(11.0;11.0)
D8,(11.0;12.0)
D8,(11.0;13.0)
D8,(11.0;14.0)
D8,(11.0;15.0)
D8,(11.0;16.0)
D8,(11.0;17.0)
D8,(11.0;18.0)
D8,(11.0;19.0)
D8,(12.0;12.0)
D8,(12.0;13.0)
D8,(12.0;14.0)
D8,(12.0;15.0)
D8,(12.0;16.0)
D8,(12.0;17.0)
D8,(12.0;18.0)
D8,(12.0;19.0)
D8,(13.0;13.0)
D8,(13.0;14.0)
D8,(13.0;15.0)
D8,(13.0;16.0)
D8,(13.0;17.0)
D8,(13.0;18.0)
D8,(13.0;19.0)
D8,(14.0;14.0)
D8,(14.0;15.0)
D8,(14.0;16.0)
D8,(14.0;17.0)
D8,(14.0;18.0)
D8,(14.0;19.0)
D8,(15.0;15.0)
D8,(15.0;16.0)
D8,(15.0;17.0)
D8,(15.0;18.0)
D8,(15.0;19.0)
D8,(16.0;16.0)
D8,(16.0;17.0)
D8,(16.0;18.0)
D8,(16.0;19.0)
D8,(17.0;17.0)
D8,(17.0;18.0)
D8,(17.0;19.0)
D8,(18.0;18.0)
D8,(18.0;19.0)
D8,(19.0;19.0)
D7,(6.0;6.0)
D7,(6.0;6.3)
D7,(6.0;7.0)
D7,(6.0;8.0)
D7,(6.0;9.0)
D7,(6.0;9.2)
D7,(6.0;10.0)
D7,(6.0;11.0)
D7,(6.0;12.0)
D7,(6.0;13.0)
D7,(6.0;14.0)
D7,(6.0;15.0)
D7,(6.3;6.3)
D7,(6.3;7.0)
D7,(6.3;8.0)
D7,(6.3;9.0)
D7,(6.3;9.2)
D7,(6.3;10.0)
D7,(6.3;11.0)
D7,(6.3;12.0)
D7,(6.3;13.0)
D7,(6.3;14.0)
D7,(6.3;15.0)
D7,(7.0;7.0)
D7,(7.0;8.0)
D7,(7.0;9.0)
D7,(7.0;9.2)
D7,(7.0;10.0)
D7,(7.0;11.0)
D7,(7.0;12.0)
D7,(7.0;13.0)
D7,(7.0;14.0)
D7,(7.0;15.0)
D7,(8.0;8.0)
D7,(8.0;9.0)
D7,(8.0;9.2)
D7,(8.0;10.0)
D7,(8.0;11.0)
D7,(8.0;12.0)
D7,(8.0;13.0)
D7,(8.0;14.0)
D7,(8.0;15.0)
D7,(9.0;9.0)
D7,(9.0;9.2)
D7,(9.0;10.0)
D7,(9.0;11.0)
D7,(9.0;12.0)
D7,(9.0;13.0)
D7,(9.0;14.0)
D7,(9.0;15.0)
D7,(9.2;9.2)
D7,(9.2;10.0)
D7,(9.2;11.0)
D7,(9.2;12.0)
D7,(9.2;13.0)
D7,(9.2;14.0)
D7,(9.2;15.0)
D7,(10.0;10.0)
D7,(10.0;11.0)
D7,(10.0;12.0)
D7,(10.0;13.0)
D7,(10.0;14.0)
D7,(10.0;15.0)
D7,(11.0;11.0)
D7,(11.0;12.0)
D7,(11.0;13.0)
D7,(11.0;14.0)
D7,(11.0;15.0)
D7,(12.0;12.0)
D7,(12.0;13.0)
D7,(12.0;14.0)
D7,(12.0;15.0)
D7,(13.0;13.0)
D7,(13.0;14.0)
D7,(13.0;15.0)
D7,(14.0;14.0)
D7,(14.0;15.0)
D7,(15.0;15.0)
D5,(7.0;7.0)
D5,(7.0;8.0)
D5,(7.0;9.0)
D5,(7.0;10.0)
D5,(7.0;11.0)
D5,(7.0;12.0)
D5,(7.0;13.0)
D5,(7.0;14.0)
D5,(7.0;15.0)
D5,(7.0;16.0)
D5,(8.0;8.0)
D5,(8.0;9.0)
D5,(8.0;10.0)
D5,(8.0;11.0)
D5,(8.0;12.0)
D5,(8.0;13.0)
D5,(8.0;14.0)
D5,(8.0;15.0)
D5,(8.0;16.0)
D5,(9.0;9.0)
D5,(9.0;10.0)
D5,(9.0;11.0)
D5,(9.0;12.0)
D5,(9.0;13.0)
D5,(9.0;14.0)
D5,(9.0;15.0)
D5,(9.0;16.0)
D5,(10.0;10.0)
D5,(10.0;11.0)
D5,(10.0;12.0)
D5,(10.0;13.0)
D5,(10.0;14.0)
D5,(10.0;15.0)
D5,(10.0;16.0)
D5,(11.0;11.0)
D5,(11.0;12.0)
D5,(11.0;13.0)
D5,(11.0;14.0)
D5,(11.0;15.0)
D5,(11.0;16.0)
D5,(12.0;12.0)
D5,(12.0;13.0)
D5,(12.0;14.0)
D5,(12.0;15.0)
D5,(12.0;16.0)
D5,(13.0;13.0)
D5,(13.0;14.0)
D5,(13.0;15.0)
D5,(13.0;16.0)
D5,(14.0;14.0)
D5,(14.0;15.0)
D5,(14.0;16.0)
D5,(15.0;15.0)
D5,(15.0;16.0)
D5,(16.0;16.0)
D2,(15.0;15.0)
D2,(15.0;16.0)
D2,(15.0;17.0)
D2,(15.0;18.0)
D2,(15.0;19.0)
D2,(15.0;20.0)
D2,(15.0;21.0)
D2,(15.0;22.0)
D2,(15.0;23.0)
D2,(15.0;24.0)
D2,(15.0;25.0)
D2,(15.0;26.0)
D2,(15.0;27.0)
D2,(15.0;28.0)
D2,(16.0;16.0)
D2,(16.0;17.0)
D2,(16.0;18.0)
D2,(16.0;19.0)
D2,(16.0;20.0)
D2,(16.0;21.0)
D2,(16.0;22.0)
D2,(16.0;23.0)
D2,(16.0;24.0)
D2,(16.0;25.0)
D2,(16.0;26.0)
D2,(16.0;27.0)
D2,(16.0;28.0)
D2,(17.0;17.0)
D2,(17.0;18.0)
D2,(17.0;19.0)
D2,(17.0;20.0)
D2,(17.0;21.0)
D2,(17.0;22.0)
D2,(17.0;23.0)
D2,(17.0;24.0)
D2,(17.0;25.0)
D2,(17.0;26.0)
D2,(17.0;27.0)
D2,(17.0;28.0)
D2,(18.0;18.0)
D2,(18.0;19.0)
D2,(18.0;20.0)
D2,(18.0;21.0)
D2,(18.0;22.0)
D2,(18.0;23.0)
D2,(18.0;24.0)
D2,(18.0;25.0)
D2,(18.0;26.0)
D2,(18.0;27.0)
D2,(18.0;28.0)
D2,(19.0;19.0)
D2,(19.0;20.0)
D2,(19.0;21.0)
D2,(19.0;22.0)
D2,(19.0;23.0)
D2,(19.0;24.0)
D2,(19.0;25.0)
D2,(19.0;26.0)
D2,(19.0;27.0)
D2,(19.0;28.0)
D2,(20.0;20.0)
D2,(20.0;21.0)
D2,(20.0;22.0)
D2,(20.0;23.0)
D2,(20.0;24.0)
D2,(20.0;25.0)
D2,(20.0;26.0)
D2,(20.0;27.0)
D2,(20.0;28.0)
D2,(21.0;21.0)
D2,(21.0;22.0)
D2,(21.0;23.0)
D2,(21.0;24.0)
D2,(21.0;25.0)
D2,(21.0;26.0)
D2,(21.0;27.0)
D2,(21.0;28.0)
D2,(22.0;22.0)
D2,(22.0;23.0)
D2,(22.0;24.0)
D2,(22.0;25.0)
D2,(22.0;26.0)
D2,(22.0;27.0)
D2,(22.0;28.0)
D2,(23.0;23.0)
D2,(23.0;24.0)
D2,(23.0;25.0)
D2,(23.0;26.0)
D2,(23.0;27.0)
D2,(23.0;28.0)
D2,(24.0;24.0)
D2,(24.0;25.0)
D2,(24.0;26.0)
D2,(24.0;27.0)
D2,(24.0;28.0)
D2,(25.0;25.0)
D2,(25.0;26.0)
D2,(25.0;27.0)
D2,(25.0;28.0)
D2,(26.0;26.0)
D2,(26.0;27.0)
D2,(26.0;28.0)
D2,(27.0;27.0)
D2,(27.0;28.0)
D2,(28.0;28.0)
TPOX,(6.0;6.0)
TPOX,(6.0;7.0)
TPOX,(6.0;8.0)
TPOX,(6.0;9.0)
TPOX,(6.0;10.0)
TPOX,(6.0;11.0)
TPOX,(6.0;12.0)
TPOX,(6.0;13.0)
TPOX,(7.0;7.0)
TPOX,(7.0;8.0)
TPOX,(7.0;9.0)
TPOX,(7.0;10.0)
TPOX,(7.0;11.0)
TPOX,(7.0;12.0)
TPOX,(7.0;13.0)
TPOX,(8.0;8.0)
TPOX,(8.0;9.0)
TPOX,(8.0;10.0)
TPOX,(8.0;11.0)
TPOX,(8.0;12.0)
TPOX,(8.0;13.0)
TPOX,(9.0;9.0)
TPOX,(9.0;10.0)
TPOX,(9.0;11.0)
TPOX,(9.0;12.0)
TPOX,(9.0;13.0)
TPOX,(10.0;10.0)
TPOX,(10.0;11.0)
TPOX,(10.0;12.0)
TPOX,(10.0;13.0)
TPOX,(11.0;11.0)
TPOX,(11.0;12.0)
TPOX,(11.0;13.0)
TPOX,(12.0;12.0)
TPOX,(12.0;13.0)
TPOX,(13.0;13.0)
vWA,(10.0;10.0)
vWA,(10.0;11.0)
vWA,(10.0;12.0)
vWA,(10.0;13.0)
vWA,(10.0;14.0)
vWA,(10.0;15.0)
vWA,(10.0;15.2)
vWA,(10.0;16.0)
vWA,(10.0;17.0)
vWA,(10.0;18.0)
vWA,(10.0;19.0)
vWA,(10.0;20.0)
vWA,(10.0;21.0)
vWA,(10.0;22.0)
vWA,(10.0;23.0)
vWA,(10.0;24.0)
vWA,(11.0;11.0)
vWA,(11.0;12.0)
vWA,(11.0;13.0)
vWA,(11.0;14.0)
vWA,(11.0;15.0)
vWA,(11.0;15.2)
vWA,(11.0;16.0)
vWA,(11.0;17.0)
vWA,(11.0;18.0)
vWA,(11.0;19.0)
vWA,(11.0;20.0)
vWA,(11.0;21.0)
vWA,(11.0;22.0)
vWA,(11.0;23.0)
vWA,(11.0;24.0)
vWA,(12.0;12.0)
vWA,(12.0;13.0)
vWA,(12.0;14.0)
vWA,(12.0;15.0)
vWA,(12.0;15.2)
vWA,(12.0;16.0)
vWA,(12.0;17.0)
vWA,(12.0;18.0)
vWA,(12.0;19.0)
vWA,(12.0;20.0)
vWA,(12.0;21.0)
vWA,(12.0;22.0)
vWA,(12.0;23.0)
vWA,(12.0;24.0)
vWA,(13.0;13.0)
vWA,(13.0;14.0)
vWA,(13.0;15.0)
vWA,(13.0;15.2)
vWA,(13.0;16.0)
vWA,(13.0;17.0)
vWA,(13.0;18.0)
vWA,(13.0;19.0)
vWA,(13.0;20.0)
vWA,(13.0;21.0)
vWA,(13.0;22.0)
vWA,(13.0;23.0)
vWA,(13.0;24.0)
vWA,(14.0;14.0)
vWA,(14.0;15.0)
vWA,(14.0;15.2)
vWA,(14.0;16.0)
vWA,(14.0;17.0)
vWA,(14.0;18.0)
vWA,(14.0;19.0)
vWA,(14.0;20.0)
vWA,(14.0;21.0)
vWA,(14.0;22.0)
vWA,(14.0;23.0)
vWA,(14.0;24.0)
vWA,(15.0;15.0)
vWA,(15.0;15.2)
vWA,(15.0;16.0)
vWA,(15.0;17.0)
vWA,(15.0;18.0)
vWA,(15.0;19.0)
vWA,(15.0;20.0)
vWA,(15.0;21.0)
vWA,(15.0;22.0)
vWA,(15.0;23.0)
vWA,(15.0;24.0)
vWA,(15.2;15.2)
vWA,(15.2;16.0)
vWA,(15.2;17.0)
vWA,(15.2;18.0)
vWA,(15.2;19.0)
vWA,(15.2;20.0)
vWA,(15.2;21.0)
vWA,(15.2;22.0)
vWA,(15.2;23.0)
vWA,(15.2;24.0)
vWA,(16.0;16.0)
vWA,(16.0;17.0)
vWA,(16.0;18.0)
vWA,(16.0;19.0)
vWA,(16.0;20.0)
vWA,(16.0;21.0)
vWA,(16.0;22.0)
vWA,(16.0;23.0)
vWA,(16.0;24.0)
vWA,(17.0;17.0)
vWA,(17.0;18.0)
vWA,(17.0;19.0)
vWA,(17.0;20.0)
vWA,(17.0;21.0)
vWA,(17.0;22.0)
vWA,(17.0;23.0)
vWA,(17.0;24.0)
vWA,(18.0;18.0)
vWA,(18.0;19.0)
vWA,(18.0;20.0)
vWA,(18.0;21.0)
vWA,(18.0;22.0)
vWA,(18.0;23.0)
vWA,(18.0;24.0)
vWA,(19.0;19.0)
vWA,(19.0;20.0)
vWA,(19.0;21.0)
vWA,(19.0;22.0)
vWA,(19.0;23.0)
vWA,(19.0;24.0)
vWA,(20.0;20.0)
vWA,(20.0;21.0)
vWA,(20.0;22.0)
vWA,(20.0;23.0)
vWA,(20.0;24.0)
vWA,(21.0;21.0)
vWA,(21.0;22.0)
vWA,(21.0;23.0)
vWA,(21.0;24.0)
vWA,(22.0;22.0)
vWA,(22.0;23.0)
vWA,(22.0;24.0)
vWA,(23.0;23.0)
vWA,(23.0;24.0)
vWA,(24.0;24.0)
